CP_HoboHair001,0
CP_Tribal_Braclet002,1
CP_Tribal_Necklace002,2
CP_TribalWaist001,3
CP_Tribal_Helmet001,4
CP_Tribal_Necklace003,5
CP_Tribal_Tunica001,6
CP_Tribal_HeadBand001,7
CP_Tribal_Necklace004,8
CP_Tribal_Waist003,9
CP_Tribal_Necklace001,10
CP_Tribal_Hair001,11
CP_Tribal_Helmet003,12
CP_Tribal_LeafNecklace001,13
CP_Tribal_Braclet001,14
CP_Tribal_Cape001,15
CP_Tribal_Helmet002,16
CP_ConanNecklace001,17
CP_Tribal_ShoulderPad001,18
CP_Tribal_Waist005,19
CP_Tribal_Beard001,20
Mammoth_Hair002,21
CP_Farmer_Halfling_Hair001,22
CP_Farmer_Halfling_Coat001,23
CP_Farmer_Halfling_Vest001,24
CP_Farmer_Halfling_Belt001,25
CP_Farmer_Halfling_Pants001,26
CP_Farmer_Halfling_FeetHair001,27
CP_Farmer_Hat004,28
CP_Farmer_Shirt003,29
CP_Farmer_Pants001,30
CP_Farmer_Shoes002,31
CP_Farmer_Hair001,32
CP_potionseller_Head001,33
CP_Farmer_Pants005,34
CP_Farmer_Shirt001,35
CP_Farmer_Shoes004,36
CP_Farmer_Hat002,37
CP_Farmer_Hair002,38
CP_Farmer_Shirt005,39
CP_Farmer_Pants003,40
CP_ScarecrowMask,41
CP_ElbowCrow,42
CP_ScarecrowShirt,43
CP_ScarecrowPants,44
CP_Farmer_Hat001,45
CP_Farmer_Skirt001,46
CP_Farmer_Shoes001,47
CP_Medieval_Helmet002,48
CP_Crusader_ChestArmor001,49
CP_Crusader_Knight_HandGuard,50
CP_Crusader_KneeArmor001,51
CP_Medieval_Pants002,52
CP_Medieval_Shoes001,53
CP_Medieval_Archer_Hood001,54
CP_Medieval_Archer_Glove001,55
CP_Medieval_Archer_Wrist001,56
CP_Medieval_Archer_Belt,57
CP_Medieval_Shirt001,58
CP_Medieval_Pants001,59
CP_Medieval_Boots001,60
CP_Crusader_Beard001,62
CP_Crusader_Priest_Gown,63
CP_Crusader_Knight_Helmet,64
CP_Crusader_Knight_ShoulderPad,65
CP_Medieval_ChestArmor001,66
CP_Medieval_Shirt002,67
CP_Medieval_ElbowArmor,68
CP_Medieval_KnightCape001,69
CP_Medieval_ThighArmor002,70
CP_Medieval_CalfArmor,71
CP_Medieval_Boots002,72
CP_Crusader_Crown,73
CP_Medieval_Shirt004,74
CP_Medieval_Cape004,75
CP_Medieval_Pants003,76
CP_Medieval_Shoes002,77
CP_Ancient_Helmet004,78
CP_Ancient_ChestArmor003,79
CP_Ancient_Shirt005,80
CP_Ancient_Dagger001,81
CP_Ancient_Sandals_High,82
CP_Ancient_Helmet002,83
CP_Ancient_Shirt004,84
CP_Ancient_Cape001,85
CP_Ancient_WristGuard001,86
CP_Ancient_Belt003,87
CP_Ancient_Boots001,88
CP_Ancient_Helmet001,89
CP_Ancient_Beard001,90
CP_Ancient_Shirt001,91
CP_Ancient_ChestArmor001,92
CP_Ancient_KneeArmor001,93
CP_Ancient_Sandals_Low,94
CP_Ancient_Helmet003,95
CP_Ancient_Scarf001,96
CP_Ancient_Shirt002,97
CP_Ancient_Arrowtube001,98
CP_Ancient_SnakeBraclet,99
CP_Ancient_Belt001,100
CP_Ancient_KneeArmor001_Low,101
CP_Ancient_Minotaur_ShoulderPad,102
CP_zeushairandbeard001,103
CP_Ancient_Belt004,104
CP_Ancient_zeus001,105
CP_Viking_Helmet004,106
CP_Viking_Hair004,107
CP_Viking_Shirt002,108
CP_Viking_Wrist002,109
CP_Viking_Pants001,110
CP_Viking_Boots001,111
CP_Viking_Helmet003,112
CP_Viking_Shirt003,113
CP_Viking_ArcherBelt001,114
CP_Viking_Helmet006,115
CP_Viking_Hair002,116
CP_Viking_Shirt001,117
CP_Viking_Cape001,118
CP_Viking_Belt001,119
CP_Viking_Helmet001,120
CP_Viking_Hair001,121
CP_Viking_ArmPitHair001,122
CP_Viking_Belt002,123
CP_Viking_Helmet007,124
CP_Viking_ShoulderPelt001,125
CP_Viking_Shirt004,126
CP_Viking_Pants002,127
CP_Viking_Boots002,128
CP_Viking_BearCowl,129
CP_Viking_BearCowl_Eyes,130
CP_Viking_Hair005,131
CP_Asia_Shirt004,132
CP_Asia_Armor002,133
CP_Asia_Pants004,134
CP_Asia_LegArmor001,135
CP_Asia_Shoes003,136
CP_Asia_WristArmor003,137
CP_Asia_Helmet004,138
CP_Asia_Hair004,139
CP_Asia_Shirt003,140
CP_Asia_WristArmor001,141
CP_Asia_Belt001,142
CP_Asia_LegWrap001,143
CP_Asia_Hair002,144
CP_Asia_Hat001,145
CP_asia_kabukimask001,146
CP_asia_kabukimask_Eyes,147
CP_Asia_Necklace,148
CP_Asia_ShoulderPad001,149
CP_Asia_Vest001,150
CP_Asia_Shirt002,151
CP_Asia_NinjaCowl,152
CP_Asia_Shirt001,153
CP_Asia_Belt004,154
CP_Asia_Pants003,155
CP_Asia_Shoes002,156
CP_Asia_MonkeyKing_Head,157
CP_Asia_Scarf001,158
CP_Asia_Shirt005,159
CP_Asia_Belt003,160
CP_Asia_Pants002,161
CP_Asia_Shoes001,162
CP_Ancient_Skirt001,163
CP_Renaissance_Cloth,164
CP_Farmer_Beard001,165
CP_Renaissance_Hair003,166
CP_Renaissance_Shirt005,167
CP_NinjaShoes001,168
CP_executionerHood001,169
CP_Executioner_torso_01,170
CP_Executioner_pants_01,171
CP_executioner_Boots001,172
CP_Medieval_Helmet004,173
CP_Medieval_HandGuard001,174
CP_Medieval_ChestArmor002,175
CP_Medieval_CalfArmor003,176
CP_MiscBowtie,177
CP_SamuraiHelmetMaster,178
CP_Asia_Armor001,179
CP_Asia_armorflag001,180
CP_Asia_Helmet003,181
CP_Asia_Helmet002,182
CP_Asia_Mask001,183
CP_Asia_WristArmor002,184
CP_Pirate_Pants004,185
CP_misc_artemis_shoes001,186
CP_misc_artemis_hair001,187
CP_misc_artemis_shirt001,188
CP_misc_artemis_skirt001,189
CP_misc_artemis_quiver001,190
CP_misc_artemis_glove001,191
CP_Farmer_Hat003,192
CP_Farmer_Shirt004,193
CP_Ancient_Shirt003,194
CP_Pirate_Shirt005,195
CP_Pirate_Boots003,196
CP_Pirate_Hat003,197
CP_Pirate_Pants001,198
CP_asia_hwacha_shirt001,199
CP_asia_hwacha_shoes001,200
CP_asia_hwacha_hair001,201
CP_Asia_Hair005,202
CP_Asia_Shirt007,203
CP_Asia_Pants005,204
CP_Viking_Hair003,205
CP_traveller_Head001,206
CP_Farmer_Pants004,207
